GENESIS 1:1-2:3.MP3,https://archive.org/details/01-c-250-01/mp3/Esther+Lamandier/02+-+L'esprit+de+Dieu,01+-+Genesis+001_001-002_003.mp3
GENESIS 22:1-14.MP3,https://archive.org/details/01-c-250-01/mp3/Suzanne+Haik-Vantoura/La+musique+de+la+Bible+revelee+Vol.+3,09+-+Genesis+022_001-014.mp3
GENESIS 28:10-21.MP3,https://archive.org/details/01-c-250-01/mp3/Esther+Lamandier/03+-+Cantique+des+cantiques,02+-+Genesis+028_010-021.mp3
EXODUS 3:1-6.MP3,https://archive.org/details/01-c-250-01/mp3/Suzanne+Haik-Vantoura/The+Music+of+the+Bible+Revealed+Live,15+-+Chanticleer+-+Exodus+003_001-006.mp3
EXODUS 3:1-14.MP3,https://archive.org/details/01-c-250-01/mp3/Esther+Lamandier/02+-+L'esprit+de+Dieu,02+-+Exodus+003_001-014.mp3
EXODUS 3:1-14.MP3,https://archive.org/details/01-c-250-01/mp3/Suzanne+Haik-Vantoura/La+musique+de+la+Bible+revelee+Vol.+1,14+-+Exodus+003_001-014.mp3
EXODUS 14:15-31.MP3,https://archive.org/details/01-c-250-01/mp3/Mira+Zakai/Visages+antiques+d'Israil,03+-+Exodus+014_015-031.mp3
EXODUS 20:1-17.MP3,https://archive.org/details/01-c-250-01/mp3/Esther+Lamandier/02+-+L'esprit+de+Dieu,03+-+Exodus+020_001-017.mp3
EXODUS 20:1-17.MP3,https://archive.org/details/01-c-250-01/mp3/Suzanne+Haik-Vantoura/La+musique+de+la+Bible+revelee+Vol.+2,07+-+Exodus+020_001-017.mp3
EXODUS 20:1-17.WMV,https://archive.org/details/01-c-250-01/wmv/MBR+Biblical+Chant+DVD+01,mbr_exodus+020_001-017.wmv
EXODUS 34:1-14.MP3,https://archive.org/details/01-c-250-01/mp3/Esther+Lamandier/02+-+L'esprit+de+Dieu,04+-+Exodus+034_001-014.mp3
NUMBERS 6:22-27.MP3,https://archive.org/details/01-c-250-01/mp3/SAVAE/Ancient+Echoes+(Excerpts),16+-+Leviticus+Bircath+Cohenim+-+Reprise.mp3
NUMBERS 6:22-27.MP3,https://archive.org/details/01-c-250-01/mp3/SAVAE/Ancient+Echoes+(Excerpts),08+-+Leviticus+Bircath+Cohenim+(The+Priestly+Blessing).mp3
NUMBERS 6:22-27.MP3,https://archive.org/details/01-c-250-01/mp3/Esther+Lamandier/02+-+L'esprit+de+Dieu,05+-+Numbers+006_022-027.mp3
NUMBERS 6:22-27.MP3,https://archive.org/details/01-c-250-01/mp3/Suzanne+Haik-Vantoura/La+musique+de+la+Bible+revelee+Vol.+1,02+-+Numbers+006_022-027.mp3
NUMBERS 6:22-27.WMV,https://archive.org/details/01-c-250-01/wmv/MBR+Biblical+Chant+DVD+01,mbr_numbers+006_022-027.wmv
DEUTERONOMY 6:4-9.MP3,https://archive.org/details/01-c-250-01/mp3/Suzanne+Haik-Vantoura/La+musique+de+la+Bible+revelee+Vol.+1,08+-+Deuteronomy+006_004-009.mp3
DEUTERONOMY 6:4-9.WMV,https://archive.org/details/01-c-250-01/wmv/MBR+Biblical+Chant+DVD+01,mbr_deuteronomy+006_004-009.wmv
2 SAMUEL 1:19-27.MP3,https://archive.org/details/01-c-250-01/mp3/Mira+Zakai/Unaccompanied+(Excerpts),17+-+2+samuel+001+David's+Elegy.mp3
2 SAMUEL 1:19-27.MP3,https://archive.org/details/01-c-250-01/mp3/Suzanne+Haik-Vantoura/The+Music+of+the+Bible+Revealed+Live,06+-+Chanticleer+-+2+Samuel+001+The+Elegy+of+David.mp3
2 SAMUEL 1:19-27.MP3,https://archive.org/details/01-c-250-01/mp3/SHOFAR/SHOFAR+-+CD-ROM/Accompanied,2+samuel+001_0019-27.mp3
2 SAMUEL 1:19-27.MP3,https://archive.org/details/01-c-250-01/mp3/Mira+Zakai/Visages+antiques+d'Israil,08+-+2+Samuel+001_019-027.mp3
2 SAMUEL 1:19-27.MP3,https://archive.org/details/01-c-250-01/mp3/SHOFAR/SHOFAR+-+CD,04+-+2+Samuel+001_019-027.mp3
2 SAMUEL 1:19-27.MP3,https://archive.org/details/01-c-250-01/mp3/Suzanne+Haik-Vantoura/La+musique+de+la+Bible+revelee+Vol.+1,10+-+2+Samuel+001_019-027.mp3
2 SAMUEL 1:19-27.WMV,https://archive.org/details/01-c-250-01/wmv/MBR+Biblical+Chant+DVD+01,mbr_2+samuel001_019-027.wmv
2 KINGS 19:15-19.MP3,https://archive.org/details/01-c-250-01/mp3/Esther+Lamandier/02+-+L'esprit+de+Dieu,06+-+2+Kings+019_015-019.mp3
ISAIAH 2:1-5.MP3,https://archive.org/details/01-c-250-01/mp3/Esther+Lamandier/03+-+Cantique+des+cantiques,01+-+Isaiah+002_001-005.mp3
ISAIAH 6:1-7.MP3,https://archive.org/details/01-c-250-01/mp3/Esther+Lamandier/04+-+Le+Livre+d'Isaie,01+-+Isaiah+006_001-007.mp3
ISAIAH 6:1-13.MP3,https://archive.org/details/01-c-250-01/mp3/Esther+Lamandier/02+-+L'esprit+de+Dieu,07+-+Isaiah+006_001-013.mp3
ISAIAH 11:1-9.MP3,https://archive.org/details/01-c-250-01/mp3/Esther+Lamandier/02+-+L'esprit+de+Dieu,08+-+Isaiah+011_001-009.mp3
ISAIAH 11:1-9.MP3,https://archive.org/details/01-c-250-01/mp3/Suzanne+Haik-Vantoura/La+musique+de+la+Bible+revelee+Vol.+2,02+-+Isaiah+011_001-009.mp3
ISAIAH 11:1-10.MP3,https://archive.org/details/01-c-250-01/mp3/Esther+Lamandier/04+-+Le+Livre+d'Isaie,02+-+Isaiah+011_001-010.mp3
ISAIAH 12:1-6.MP3,https://archive.org/details/01-c-250-01/mp3/Esther+Lamandier/04+-+Le+Livre+d'Isaie,03+-+Isaiah+012_001-006.mp3
ISAIAH 37:15-20.MP3,https://archive.org/details/01-c-250-01/mp3/Esther+Lamandier/04+-+Le+Livre+d'Isaie,04+-+Isaiah+037_015-020.mp3
ISAIAH 40:1-14.MP3,https://archive.org/details/01-c-250-01/mp3/Esther+Lamandier/04+-+Le+Livre+d'Isaie,05+-+Isaiah+040_001-014.mp3
ISAIAH 41:1-14.MP3,https://archive.org/details/01-c-250-01/mp3/Esther+Lamandier/04+-+Le+Livre+d'Isaie,06+-+Isaiah+041_001-014.mp3
ISAIAH 42:1-21.MP3,https://archive.org/details/01-c-250-01/mp3/Esther+Lamandier/04+-+Le+Livre+d'Isaie,07+-+Isaiah+042_001-021.mp3
ISAIAH 44:1-23.MP3,https://archive.org/details/01-c-250-01/mp3/Esther+Lamandier/04+-+Le+Livre+d'Isaie,08+-+Isaiah+044_001-023.mp3
ISAIAH 50:4-11.MP3,https://archive.org/details/01-c-250-01/mp3/Esther+Lamandier/04+-+Le+Livre+d'Isaie,09+-+Isaiah+050_004-011.mp3
ISAIAH 51:1-11.MP3,https://archive.org/details/01-c-250-01/mp3/Esther+Lamandier/04+-+Le+Livre+d'Isaie,10+-+Isaiah+051_001-011.mp3
ISAIAH 53:1-12.MP3,https://archive.org/details/01-c-250-01/mp3/Esther+Lamandier/04+-+Le+Livre+d'Isaie,11+-+Isaiah+053_001-012.mp3
ISAIAH 57:14-21.MP3,https://archive.org/details/01-c-250-01/mp3/Esther+Lamandier/04+-+Le+Livre+d'Isaie,12+-+Isaiah+057_014-021.mp3
ISAIAH 58:1-11.MP3,https://archive.org/details/01-c-250-01/mp3/Esther+Lamandier/04+-+Le+Livre+d'Isaie,13+-+Isaiah+058_001-011.mp3
ISAIAH 60:1-5.MP3,https://archive.org/details/01-c-250-01/mp3/Suzanne+Haik-Vantoura/La+musique+de+la+Bible+revelee+Vol.+3,07+-+Isaiah+060_001-005.mp3
ISAIAH 60:1-5.WMV,https://archive.org/details/01-c-250-01/wmv/MBR+Biblical+Chant+DVD+01,mbr_isaiah+060_001-005.wmv
ISAIAH 61:1-11.MP3,https://archive.org/details/01-c-250-01/mp3/Esther+Lamandier/02+-+L'esprit+de+Dieu,09+-+Isaiah+061_001-011.mp3
ISAIAH 61:5-11.MP3,https://archive.org/details/01-c-250-01/mp3/Esther+Lamandier/04+-+Le+Livre+d'Isaie,14+-+Isaiah+061_005-011.mp3
ISAIAH 60:1-5.MP3,https://archive.org/details/01-c-250-01/mp3/Suzanne+Haik-Vantoura/The+Music+of+the+Bible+Revealed+Live,16+-+Chanticleer+-+Isaiah+60_1-5.mp3
EZEKIEL 37:1-14.MP3,https://archive.org/details/01-c-250-01/mp3/Esther+Lamandier/02+-+L'esprit+de+Dieu,10+-+Ezekiel+037_001-014.mp3
AMOS 1:1-9.MP3,https://archive.org/details/01-c-250-01/mp3/Suzanne+Haik-Vantoura/The+Music+of+the+Bible+Revealed+Live,10+-+Chanticleer+-+Amos+001_001-009.mp3
AMOS 1:1-9.MP3,https://archive.org/details/01-c-250-01/mp3/Suzanne+Haik-Vantoura/La+musique+de+la+Bible+revelee+Vol.+3,13+-+Amos+001_001-009.mp3
PSALMS 1.MP3,https://archive.org/details/01-c-250-01/mp3/Suzanne+Haik-Vantoura/La+musique+de+la+Bible+revelee+Vol.+3,03+-+Psalms+001.mp3
PSALMS 1.WMV,https://archive.org/details/01-c-250-01/wmv/MBR+Biblical+Chant+DVD+01,mbr_Psalms+001.wmv
PSALMS 3.MP3,https://archive.org/details/01-c-250-01/mp3/Suzanne+Haik-Vantoura/La+musique+de+la+Bible+revelee+Vol.+2,09+-+Psalms+003.mp3
PSALMS 4.MP3,https://archive.org/details/01-c-250-01/mp3/Esther+Lamandier/01+-+Psaumes+de+David,07+-+Psalms+004.mp3
PSALMS 6.MP3,https://archive.org/details/01-c-250-01/mp3/Suzanne+Haik-Vantoura/La+musique+de+la+Bible+revelee+Vol.+1,05+-+Psalms+006.mp3
PSALMS 6.WMV,https://archive.org/details/01-c-250-01/wmv/MBR+Biblical+Chant+DVD+01,mbr_Psalms+006.wmv
PSALMS 8.MP3,https://archive.org/details/01-c-250-01/mp3/Suzanne+Haik-Vantoura/La+musique+de+la+Bible+revelee+Vol.+2,10+-+Psalms+008.mp3
PSALMS 8.MP3,https://archive.org/details/01-c-250-01/mp3/Suzanne+Haik-Vantoura/The+Music+of+the+Bible+Revealed+Live,09+-+Chanticleer+-+Psalms+008.mp3
PSALMS 8.WMV,https://archive.org/details/01-c-250-01/wmv/MBR+Biblical+Chant+DVD+01,mbr_Psalms+008.wmv
PSALMS 13.MP3,https://archive.org/details/01-c-250-01/mp3/Suzanne+Haik-Vantoura/La+musique+de+la+Bible+revelee+Vol.+3,04+-+Psalms+013.mp3
PSALMS 16.MP3,https://archive.org/details/01-c-250-01/mp3/Esther+Lamandier/01+-+Psaumes+de+David,13+-+Psalms+016.mp3
PSALMS 19.MP3,https://archive.org/details/01-c-250-01/mp3/Suzanne+Haik-Vantoura/La+musique+de+la+Bible+revelee+Vol.+2,08+-+Psalms+019.mp3
PSALMS 19.WMV,https://archive.org/details/01-c-250-01/wmv/MBR+Biblical+Chant+DVD+01,mbr_Psalms+019.wmv
PSALMS 23.MP3,https://archive.org/details/01-c-250-01/mp3/Suzanne+Haik-Vantoura/La+musique+de+la+Bible+revelee+Vol.+1,01+-+Psalms+023.mp3
PSALMS 23.MP3,https://archive.org/details/01-c-250-01/mp3/Suzanne+Haik-Vantoura/The+Music+of+the+Bible+Revealed+Live,05+-+Chanticleer+-+Psalms+023.mp3
PSALMS 23.MP3,https://archive.org/details/01-c-250-01/mp3/Esther+Lamandier/01+-+Psaumes+de+David,21+-+Psalms+023.mp3
PSALMS 23.WMV,https://archive.org/details/01-c-250-01/wmv/MBR+Biblical+Chant+DVD+01,mbr_Psalms+023.wmv
PSALMS 24.MP3,https://archive.org/details/01-c-250-01/mp3/Suzanne+Haik-Vantoura/La+musique+de+la+Bible+revelee+Vol.+1,03+-+Psalms+024.mp3
PSALMS 24.MP3,https://archive.org/details/01-c-250-01/mp3/SHOFAR/SHOFAR+-+CD,01+-+Psalms+024.mp3
PSALMS 24.MP3,https://archive.org/details/01-c-250-01/mp3/SHOFAR/SHOFAR+-+CD-ROM/A+Capella,Psalms+024.mp3
PSALMS 24.WMV,https://archive.org/details/01-c-250-01/wmv/MBR+Biblical+Chant+DVD+01,mbr_Psalms+024.wmv
PSALMS 24_ACC.MP3,https://archive.org/details/01-c-250-01/mp3/SHOFAR/SHOFAR+-+CD-ROM/Accompanied,Psalms+024_acc.mp3
PSALMS 27.MP3,https://archive.org/details/01-c-250-01/mp3/Suzanne+Haik-Vantoura/La+musique+de+la+Bible+revelee+Vol.+2,04+-+Psalms+027.mp3
PSALMS 27.WMV,https://archive.org/details/01-c-250-01/wmv/MBR+Biblical+Chant+DVD+01,mbr_Psalms+027.wmv
PSALMS 29.MP3,https://archive.org/details/01-c-250-01/mp3/Suzanne+Haik-Vantoura/La+musique+de+la+Bible+revelee+Vol.+2,05+-+Psalms+029.mp3
PSALMS 29.MP3,https://archive.org/details/01-c-250-01/mp3/Suzanne+Haik-Vantoura/The+Music+of+the+Bible+Revealed+Live,08+-+Chanticleer+-+Psalms+029.mp3
PSALMS 29.MP3,https://archive.org/details/01-c-250-01/mp3/Esther+Lamandier/01+-+Psaumes+de+David,24+-+Psalms+029.mp3
PSALMS 43.MP3,https://archive.org/details/01-c-250-01/mp3/Esther+Lamandier/01+-+Psaumes+de+David,11+-+Psalms+043.mp3
PSALMS 48.MP3,https://archive.org/details/01-c-250-01/mp3/Esther+Lamandier/01+-+Psaumes+de+David,03+-+Psalms+048.mp3
PSALMS 52.MP3,https://archive.org/details/01-c-250-01/mp3/Suzanne+Haik-Vantoura/La+musique+de+la+Bible+revelee+Vol.+3,02+-+Psalms+052.mp3
PSALMS 57.MP3,https://archive.org/details/01-c-250-01/mp3/Esther+Lamandier/01+-+Psaumes+de+David,02+-+Psalms+057.mp3
PSALMS 62.MP3,https://archive.org/details/01-c-250-01/mp3/Suzanne+Haik-Vantoura/La+musique+de+la+Bible+revelee+Vol.+3,14+-+Psalms+062.mp3
PSALMS 67.MP3,https://archive.org/details/01-c-250-01/mp3/Suzanne+Haik-Vantoura/La+musique+de+la+Bible+revelee+Vol.+3,05+-+Psalms+067.mp3
PSALMS 67.WMV,https://archive.org/details/01-c-250-01/wmv/MBR+Biblical+Chant+DVD+01,mbr_Psalms+067.wmv
PSALMS 80.MP3,https://archive.org/details/01-c-250-01/mp3/Esther+Lamandier/01+-+Psaumes+de+David,17+-+Psalms+080.mp3
PSALMS 90.MP3,https://archive.org/details/01-c-250-01/mp3/Esther+Lamandier/01+-+Psaumes+de+David,09+-+Psalms+090.mp3
PSALMS 91.MP3,https://archive.org/details/01-c-250-01/mp3/Esther+Lamandier/01+-+Psaumes+de+David,15+-+Psalms+091.mp3
PSALMS 91.WMV,https://archive.org/details/01-c-250-01/wmv/MBR+Biblical+Chant+DVD+01,mbr_Psalms+091.wmv
PSALMS 93.MP3,https://archive.org/details/01-c-250-01/mp3/Suzanne+Haik-Vantoura/La+musique+de+la+Bible+revelee+Vol.+2,11+-+Psalms+093.mp3
PSALMS 93.MP3,https://archive.org/details/01-c-250-01/mp3/Esther+Lamandier/01+-+Psaumes+de+David,01+-+Psalms+093.mp3
PSALMS 96.MP3,https://archive.org/details/01-c-250-01/mp3/Suzanne+Haik-Vantoura/La+musique+de+la+Bible+revelee+Vol.+2,01+-+Psalms+096.mp3
PSALMS 96.WMV,https://archive.org/details/01-c-250-01/wmv/MBR+Biblical+Chant+DVD+01,mbr_Psalms+096.wmv
PSALMS 97.MP3,https://archive.org/details/01-c-250-01/mp3/Esther+Lamandier/01+-+Psaumes+de+David,20+-+Psalms+097.mp3
PSALMS 98.MP3,https://archive.org/details/01-c-250-01/mp3/Suzanne+Haik-Vantoura/La+musique+de+la+Bible+revelee+Vol.+3,11+-+Psalms+098.mp3
PSALMS 98.MP3,https://archive.org/details/01-c-250-01/mp3/Suzanne+Haik-Vantoura/The+Music+of+the+Bible+Revealed+Live,04+-+Chanticleer+-+Psalms+098.mp3
PSALMS 98.WMV,https://archive.org/details/01-c-250-01/wmv/MBR+Biblical+Chant+DVD+01,mbr_Psalms+098.wmv
PSALMS 99.MP3,https://archive.org/details/01-c-250-01/mp3/Esther+Lamandier/01+-+Psaumes+de+David,10+-+Psalms+099.mp3
PSALMS 100.MP3,https://archive.org/details/01-c-250-01/mp3/Suzanne+Haik-Vantoura/La+musique+de+la+Bible+revelee+Vol.+3,01+-+Psalms+100.mp3
PSALMS 100.WMV,https://archive.org/details/01-c-250-01/wmv/MBR+Biblical+Chant+DVD+01,mbr_Psalms+100.wmv
PSALMS 104.MP3,https://archive.org/details/01-c-250-01/mp3/Esther+Lamandier/01+-+Psaumes+de+David,14+-+Psalms+104.mp3
PSALMS 113 - SONG OF SONGS 1:1-4.MP3,https://archive.org/details/01-c-250-01/mp3/Suzanne+Haik-Vantoura/The+Music+of+the+Bible+Revealed+Live,13+-+Chanticleer+-+Psalms+113+-+Song+of+Songs+1_1-4.mp3
PSALMS 113.MP3,https://archive.org/details/01-c-250-01/mp3/Esther+Lamandier/01+-+Psaumes+de+David,05+-+Psalms+113.mp3
PSALMS 113.MP3,https://archive.org/details/01-c-250-01/mp3/Suzanne+Haik-Vantoura/La+musique+de+la+Bible+revelee+Vol.+3,10+-+Psalms+113.mp3
PSALMS 113.WMV,https://archive.org/details/01-c-250-01/wmv/MBR+Biblical+Chant+DVD+01,mbr_Psalms+113.wmv
PSALMS 115.MP3,https://archive.org/details/01-c-250-01/mp3/Esther+Lamandier/01+-+Psaumes+de+David,06+-+Psalms+115.mp3
PSALMS 121.MP3,https://archive.org/details/01-c-250-01/mp3/Suzanne+Haik-Vantoura/The+Music+of+the+Bible+Revealed+Live,11+-+Chanticleer+-+Psalms+121.mp3
PSALMS 121.MP3,https://archive.org/details/01-c-250-01/mp3/Suzanne+Haik-Vantoura/La+musique+de+la+Bible+revelee+Vol.+3,12+-+Psalms+121.mp3
PSALMS 121.WMV,https://archive.org/details/01-c-250-01/wmv/MBR+Biblical+Chant+DVD+01,mbr_Psalms+121.wmv
PSALMS 121:1.WMV,https://archive.org/details/01-c-250-01/wmv/MBR+Others/mbr_musical_accents.wmv,mbr_Psalms+121_01.wmv
PSALMS 121:2.WMV,https://archive.org/details/01-c-250-01/wmv/MBR+Others/mbr_musical_accents.wmv,mbr_Psalms+121_02.wmv
PSALMS 122.MP3,https://archive.org/details/01-c-250-01/mp3/Suzanne+Haik-Vantoura/The+Music+of+the+Bible+Revealed+Live,14+-+Chanticleer+-+Psalms+122.mp3
PSALMS 122.MP3,https://archive.org/details/01-c-250-01/mp3/Suzanne+Haik-Vantoura/La+musique+de+la+Bible+revelee+Vol.+1,11+-+Psalms+122.mp3
PSALMS 122.MP3,https://archive.org/details/01-c-250-01/mp3/SHOFAR/SHOFAR+-+CD,02+-+Psalms+122.mp3
PSALMS 122.MP3,https://archive.org/details/01-c-250-01/mp3/SHOFAR/SHOFAR+-+CD-ROM/A+Capella,Psalms+122.mp3
PSALMS 122.WMV,https://archive.org/details/01-c-250-01/wmv/MBR+Biblical+Chant+DVD+01,mbr_Psalms+122.wmv
PSALMS 122:1.WMV,https://archive.org/details/01-c-250-01/wmv/MBR+Others/mbr_musical_accents.wmv,mbr_Psalms+122_01.wmv
PSALMS 122_ACC.MP3,https://archive.org/details/01-c-250-01/mp3/SHOFAR/SHOFAR+-+CD-ROM/Accompanied,Psalms+122_acc.mp3
PSALMS 122_WEB.MP3,https://archive.org/details/01-c-250-01/mp3/SHOFAR/SHOFAR+-+CD-ROM/Web+Samples,Psalms+122_web.mp3
PSALMS 123.MP3,https://archive.org/details/01-c-250-01/mp3/Esther+Lamandier/01+-+Psaumes+de+David,18+-+Psalms+123.mp3
PSALMS 123.MP3,https://archive.org/details/01-c-250-01/mp3/Suzanne+Haik-Vantoura/La+musique+de+la+Bible+revelee+Vol.+1,12+-+Psalms+123.mp3
PSALMS 129.MP3,https://archive.org/details/01-c-250-01/mp3/Esther+Lamandier/01+-+Psaumes+de+David,08+-+Psalms+129.mp3
PSALMS 13.MP3,https://archive.org/details/01-c-250-01/mp3/Esther+Lamandier/01+-+Psaumes+de+David,04+-+Psalms+13.mp3
PSALMS 130.MP3,https://archive.org/details/01-c-250-01/mp3/Suzanne+Haik-Vantoura/La+musique+de+la+Bible+revelee+Vol.+2,12+-+Psalms+130.mp3
PSALMS 130.WMV,https://archive.org/details/01-c-250-01/wmv/MBR+Biblical+Chant+DVD+01,mbr_Psalms+130.wmv
PSALMS 131.MP3,https://archive.org/details/01-c-250-01/mp3/Esther+Lamandier/01+-+Psaumes+de+David,25+-+Psalms+131.mp3
PSALMS 131.MP3,https://archive.org/details/01-c-250-01/mp3/Suzanne+Haik-Vantoura/La+musique+de+la+Bible+revelee+Vol.+2,03+-+Psalms+131.mp3
PSALMS 133.MP3,https://archive.org/details/01-c-250-01/mp3/Esther+Lamandier/01+-+Psaumes+de+David,23+-+Psalms+133.mp3
PSALMS 133.MP3,https://archive.org/details/01-c-250-01/mp3/Suzanne+Haik-Vantoura/La+musique+de+la+Bible+revelee+Vol.+1,07+-+Psalms+133.mp3
PSALMS 133.MP3,https://archive.org/details/01-c-250-01/mp3/SHOFAR/SHOFAR+-+CD,05+-+Psalms+133.mp3
PSALMS 133.MP3,https://archive.org/details/01-c-250-01/mp3/SHOFAR/SHOFAR+-+CD-ROM/A+Capella,Psalms+133.mp3
PSALMS 134.MP3,https://archive.org/details/01-c-250-01/mp3/Esther+Lamandier/01+-+Psaumes+de+David,22+-+Psalms+134.mp3
PSALMS 137.MP3,https://archive.org/details/01-c-250-01/mp3/Suzanne+Haik-Vantoura/La+musique+de+la+Bible+revelee+Vol.+2,06+-+Psalms+137.mp3
PSALMS 137.WMV,https://archive.org/details/01-c-250-01/wmv/MBR+Biblical+Chant+DVD+01,mbr_Psalms+137.wmv
PSALMS 138.MP3,https://archive.org/details/01-c-250-01/mp3/Suzanne+Haik-Vantoura/The+Music+of+the+Bible+Revealed+Live,07+-+Chanticleer+-+Psalms+138.mp3
PSALMS 138.MP3,https://archive.org/details/01-c-250-01/mp3/Esther+Lamandier/01+-+Psaumes+de+David,19+-+Psalms+138.mp3
PSALMS 138.WMV,https://archive.org/details/01-c-250-01/wmv/MBR+Biblical+Chant+DVD+01,mbr_Psalms+138.wmv
PSALMS 142.MP3,https://archive.org/details/01-c-250-01/mp3/Esther+Lamandier/01+-+Psaumes+de+David,16+-+Psalms+142.mp3
PSALMS 148.MP3,https://archive.org/details/01-c-250-01/mp3/Suzanne+Haik-Vantoura/The+Music+of+the+Bible+Revealed+Live,17+-+Chanticleer+-+Psalms+148.mp3
PSALMS 148.MP3,https://archive.org/details/01-c-250-01/mp3/Esther+Lamandier/01+-+Psaumes+de+David,26+-+Psalms+148.mp3
PSALMS 148.MP3,https://archive.org/details/01-c-250-01/mp3/Suzanne+Haik-Vantoura/La+musique+de+la+Bible+revelee+Vol.+3,08+-+Psalms+148.mp3
PSALMS 148.WMV,https://archive.org/details/01-c-250-01/wmv/MBR+Biblical+Chant+DVD+01,mbr_Psalms+148.wmv
PSALMS 150.MP3,https://archive.org/details/01-c-250-01/mp3/Esther+Lamandier/01+-+Psaumes+de+David,12+-+Psalms+150.mp3
PSALMS 150.MP3,https://archive.org/details/01-c-250-01/mp3/Suzanne+Haik-Vantoura/La+musique+de+la+Bible+revelee+Vol.+1,09+-+Psalms+150.mp3
PSALMS 150.MP3,https://archive.org/details/01-c-250-01/mp3/SHOFAR/SHOFAR+-+CD,03+-+Psalms+150.mp3
PSALMS 150.MP3,https://archive.org/details/01-c-250-01/mp3/SHOFAR/SHOFAR+-+CD-ROM/A+Capella,Psalms+150.mp3
PSALMS 150.WMV,https://archive.org/details/01-c-250-01/wmv/MBR+Biblical+Chant+DVD+01,mbr_Psalms+150.wmv
PSALMS 150_ACC.MP3,https://archive.org/details/01-c-250-01/mp3/SHOFAR/SHOFAR+-+CD-ROM/Accompanied,Psalms+150_acc.mp3
PSALMS 150_WEB.MP3,https://archive.org/details/01-c-250-01/mp3/SHOFAR/SHOFAR+-+CD-ROM/Web+Samples,Psalms+150_web.mp3
NPR MORNING EDITION - SONG OF SONGS.MP3,https://archive.org/details/01-c-250-01/mp3/Suzanne+Haik-Vantoura/The+Music+of+the+Bible+Revealed+Live,01+-+NPR+Morning+Edition+-+Song+of+Songs.mp3
SONG 1:1-3.MP3,https://archive.org/details/01-c-250-01/mp3/Suzanne+Haik-Vantoura/La+musique+de+la+Bible+revelee+Vol.+1,04+-+Song+001_001-003.mp3
SONG 1:1-17.MP3,https://archive.org/details/01-c-250-01/mp3/Esther+Lamandier/03+-+Cantique+des+cantiques,03+-+Song+001_001-017.mp3
SONG 1:1-17.MP3,https://archive.org/details/01-c-250-01/mp3/Suzanne+Haik-Vantoura/Cantique+des+cantiques+de+Salomon,01+-+Song+001_001-017.mp3
SONG 1:1-17.WMV,https://archive.org/details/01-c-250-01/wmv/MBR+Song+of+Songs/mbr_song001_001-017.wmv,mbr_song+002_001-017.wmv
SONG 2:1-17.MP3,https://archive.org/details/01-c-250-01/mp3/Esther+Lamandier/03+-+Cantique+des+cantiques,04+-+Song+002_001-017.mp3
SONG 2:1-17.MP3,https://archive.org/details/01-c-250-01/mp3/Suzanne+Haik-Vantoura/Cantique+des+cantiques+de+Salomon,02+-+Song+002_001-017.mp3
SONG 2:1-17.WMV,https://archive.org/details/01-c-250-01/wmv/MBR+Song+of+Songs/mbr_song002_001-017.wmv,mbr_song+002_001-017.wmv
SONG 3:1-11.MP3,https://archive.org/details/01-c-250-01/mp3/Esther+Lamandier/03+-+Cantique+des+cantiques,05+-+Song+003_001-011.mp3
SONG 3:1-11.MP3,https://archive.org/details/01-c-250-01/mp3/Suzanne+Haik-Vantoura/Cantique+des+cantiques+de+Salomon,03+-+Song+003_001-011.mp3
SONG 3:1-11.WMV,https://archive.org/details/01-c-250-01/wmv/MBR+Song+of+Songs/mbr_song003_001-011.wmv,mbr_song+003_001-011.wmv
SONG 4:1-16.MP3,https://archive.org/details/01-c-250-01/mp3/Esther+Lamandier/03+-+Cantique+des+cantiques,06+-+Song+004_001-016.mp3
SONG 4:1-16.MP3,https://archive.org/details/01-c-250-01/mp3/Suzanne+Haik-Vantoura/Cantique+des+cantiques+de+Salomon,04+-+Song+004_001-016.mp3
SONG 4:1-16.WMV,https://archive.org/details/01-c-250-01/wmv/MBR+Song+of+Songs/mbr_song004_001-016.wmv,mbr_song+004_001-016.wmv
SONG 5:1-16.MP3,https://archive.org/details/01-c-250-01/mp3/Esther+Lamandier/03+-+Cantique+des+cantiques,07+-+Song+005_001-016.mp3
SONG 5:1-16.MP3,https://archive.org/details/01-c-250-01/mp3/Suzanne+Haik-Vantoura/Cantique+des+cantiques+de+Salomon,05+-+Song+005_001-016.mp3
SONG 5:1-16.WMV,https://archive.org/details/01-c-250-01/wmv/MBR+Song+of+Songs/mbr_song005_001-016.wmv,mbr_song+005_001-016.wmv
SONG 6:1-12.MP3,https://archive.org/details/01-c-250-01/mp3/Esther+Lamandier/03+-+Cantique+des+cantiques,08+-+Song+006_001-012.mp3
SONG 6:1-12.MP3,https://archive.org/details/01-c-250-01/mp3/Suzanne+Haik-Vantoura/Cantique+des+cantiques+de+Salomon,06+-+Song+006_001-012.mp3
SONG 6:1-12.WMV,https://archive.org/details/01-c-250-01/wmv/MBR+Song+of+Songs/mbr_song006_001-012.wmv,mbr_song+006_001-012.wmv
SONG 7:1-14.MP3,https://archive.org/details/01-c-250-01/mp3/Esther+Lamandier/03+-+Cantique+des+cantiques,09+-+Song+007_001-014.mp3
SONG 7:1-14.MP3,https://archive.org/details/01-c-250-01/mp3/Suzanne+Haik-Vantoura/Cantique+des+cantiques+de+Salomon,07+-+Song+007_001-014.mp3
SONG 7:1-14.WMV,https://archive.org/details/01-c-250-01/wmv/MBR+Song+of+Songs/mbr_song007_001-014.wmv,mbr_song+007_001-014.wmv
SONG 8:1-14.MP3,https://archive.org/details/01-c-250-01/mp3/Esther+Lamandier/03+-+Cantique+des+cantiques,10+-+Song+008_001-014.mp3
SONG 8:1-14.MP3,https://archive.org/details/01-c-250-01/mp3/Suzanne+Haik-Vantoura/Cantique+des+cantiques+de+Salomon,08+-+Song+008_001-014.mp3
SONG 8:1-14.WMV,https://archive.org/details/01-c-250-01/wmv/MBR+Song+of+Songs/mbr_song008_001-014.wmv,mbr_song+008_001-014.wmv
SONG+OF+SONGS+-+INTRO.MP3,https://archive.org/details/01-c-250-01/mp3/Suzanne+Haik-Vantoura/The+Music+of+the+Bible+Revealed+Live,12+-+Chanticleer+-+Song+of+Songs+-+Intro.mp3
RUTH,https://archive.org/details/01-c-250-01/mp3/Suzanne+Haik-Vantoura/The+Music+of+the+Bible+Revealed+Live,03+-+ASTER+-+The+Song+of+Ruth.mp3
RUTH+-+INTRO,https://archive.org/details/01-c-250-01/mp3/Suzanne+Haik-Vantoura/The+Music+of+the+Bible+Revealed+Live,02+-+ASTER+-+The+Song+of+Ruth+-+Intro.mp3
RUTH 1:1-22.MP3,https://archive.org/details/01-c-250-01/mp3/Mira+Zakai/Visages+antiques+d'Israil,04+-+Ruth+001_001-022.mp3
RUTH 2:1-23.MP3,https://archive.org/details/01-c-250-01/mp3/Mira+Zakai/Visages+antiques+d'Israil,05+-+Ruth+002_001-023.mp3
RUTH 3:1-18.MP3,https://archive.org/details/01-c-250-01/mp3/Mira+Zakai/Visages+antiques+d'Israil,06+-+Ruth+003_001-018.mp3
RUTH 4:1-22.MP3,https://archive.org/details/01-c-250-01/mp3/Mira+Zakai/Visages+antiques+d'Israil,07+-+Ruth+004_001-022.mp3
LAMENTATIONS 1:1-2.WMV,https://archive.org/details/01-c-250-01/wmv/MBR+Biblical+Chant+DVD+01,mbr_lamentations+001_001-002.wmv
LAMENTATIONS 1:1-3.MP3,https://archive.org/details/01-c-250-01/mp3/Suzanne+Haik-Vantoura/La+musique+de+la+Bible+revelee+Vol.+1,06+-+Lamentations+001_001-003.mp3
LAMENTATIONS 1:1-22.MP3,https://archive.org/details/01-c-250-01/mp3/Mira+Zakai/Visages+antiques+d'Israil,09+-+Lamentations+001_001-022.mp3
LAMENTATIONS 3:1-66.MP3,https://archive.org/details/01-c-250-01/mp3/Mira+Zakai/Visages+antiques+d'Israil,10+-+Lamentations+003_001-066.mp3
ECCLESIASTES 1:1-9.MP3,https://archive.org/details/01-c-250-01/mp3/Suzanne+Haik-Vantoura/La+musique+de+la+Bible+revelee+Vol.+3,06+-+Ecclesiastes+001_001-009.mp3
ESTHER 5:1-3.MP3,https://archive.org/details/01-c-250-01/mp3/Suzanne+Haik-Vantoura/La+musique+de+la+Bible+revelee+Vol.+1,13+-+Esther+005_001-003.mp3
ESTHER 5:1-3.WMV,https://archive.org/details/01-c-250-01/wmv/MBR+Biblical+Chant+DVD+01,mbr_esther+005_001-003.wmv
1 CHRONICLES 16:1-7.MP3,https://archive.org/details/01-c-250-01/mp3/Mira+Zakai/Visages+antiques+d'Israil,01+-+1+Chronicles+016_001-007.mp3
1 CHRONICLES 16:8-36.MP3,https://archive.org/details/01-c-250-01/mp3/Mira+Zakai/Visages+antiques+d'Israil,02+-+1+Chronicles+016_008-036.mp3
C250-1.MP3,https://archive.org/details/01-c-250-01/mp3/Southwest+Radio+Church/SWRC-02+C250,01+-+C250-01.mp3
C250-2.MP3,https://archive.org/details/01-c-250-01/mp3/Southwest+Radio+Church/SWRC-02+C250,02+-+C250-02.mp3
C250-3.MP3,https://archive.org/details/01-c-250-01/mp3/Southwest+Radio+Church/SWRC-02+C250,03+-+C250-03.mp3
K491-1.MP3,https://archive.org/details/01-c-250-01/mp3/Southwest+Radio+Church/SWRC-01+K491,01+-+K491-01.mp3
K491-2.MP3,https://archive.org/details/01-c-250-01/mp3/Southwest+Radio+Church/SWRC-01+K491,02+-+K491-02.mp3
NPR_MORNING_EDITION.WMV,https://archive.org/details/01-c-250-01/wmv/MBR+Others/mbr_musical_accents.wmv,mbr_npr_morning_edition.wmv
SHOFAR_PROMO.WMV,https://archive.org/details/01-c-250-01/wmv/MBR+Others/mbr_musical_accents.wmv,mbr_shofar_promo.wmv
TSG_2009-5-30.WMV,https://archive.org/details/01-c-250-01/wmv/MBR+Others/mbr_musical_accents.wmv,tsg_2009-05-30.wmv
TSG_2009-5-30_SM.WMV,https://archive.org/details/01-c-250-01/wmv/MBR+Others/mbr_musical_accents.wmv,tsg_2009-05-30_sm.wmv
